day_of_week,pair_number,subject_name,teacher,audience,lecture_type,week_type,group,subgroup,num_subgroups,duration_pairs,is_external,is_remote,department,institute,course,direction,profile,_discipline_slot
понедельник,2,"эмбриология, цитология",,А636,лекция,числитель,502-51,,0,1,False,False,,медицинский,1,,,0
понедельник,2,Теоретические основы изучения ухода за больным ребенком,,А636,лекция,знаменатель,502-51,,0,1,False,False,,медицинский,1,,,0
понедельник,3,Основы психологии в медицине,,А636,лекция,числитель,502-51,,0,1,False,False,,медицинский,1,,,0
понедельник,3,Анатомия человека с особенностями детского возраста,,А636,лекция,знаменатель,502-51,,0,1,False,False,,медицинский,1,,,0
понедельник,4,"История медицины (пр), А515",,А515,практика,обе недели,502-51,,0,1,False,False,,медицинский,1,,,0
понедельник,5,"Анатомия ЧсОДВ,, п/г 1, А24",,А24,практика,числитель,502-51,1,1,1,False,False,,медицинский,1,,,0
понедельник,5,"Анатомия ЧсОДВ, п/г 2, А22//",,А22,практика,знаменатель,502-51,2,1,1,False,False,,медицинский,1,,,1
вторник,1,Биология с курсом генетики человека,,А436,лекция,числитель,502-51,,0,1,False,False,,медицинский,1,,,0
вторник,1,История медицины,,А436,лекция,знаменатель,502-51,,0,1,False,False,,медицинский,1,,,0
вторник,2,История медицины,,А515,практика,числитель,502-51,,0,1,False,False,,медицинский,1,,,0
вторник,2,Безопасность жизнедеятельности,,А401,практика,знаменатель,502-51,,0,1,False,False,,медицинский,1,,,0
вторник,3,"Основы психологии в медицине (пр), А504",,А504,практика,обе недели,502-51,,0,1,False,False,,медицинский,1,,,0
вторник,5,Физич. культура и спорт,,,практика,числитель,502-51,,0,1,False,False,,медицинский,1,,,0
вторник,5,Элект. дисциплины по физ. культуре и спорту,,С,практика,знаменатель,502-51,,0,1,False,False,,медицинский,1,,,0
среда,2,"Безопасность жизнедеятельности (пр), А514//",,А514,практика,числитель,502-51,,0,1,False,False,,медицинский,1,,,0
среда,3,"Анатомия ЧсОДВ, п/г 1, А24",,А24,практика,обе недели,502-51,1,1,1,False,False,,медицинский,1,,,0
среда,3,"Анатомия ЧсОДВ, п/г 2, А22",,А22,практика,обе недели,502-51,2,1,1,False,False,,медицинский,1,,,1
среда,4,"Гистология, эмбр., цитол., п/г 1, А532",,А532,практика,обе недели,502-51,1,1,1,False,False,,медицинский,1,,,0
среда,5,"Гистология, эмбр., цитол., п/г 1, А532",,А532,практика,обе недели,502-51,1,1,1,False,False,,медицинский,1,,,0
четверг,1,"Теор. основы, п",,,практика,числитель,502-51,,2,1,False,False,,медицинский,1,,,0
четверг,1,п,,СОКЦОМиД,практика,знаменатель,502-51,,2,1,False,False,,медицинский,1,,,0
четверг,1,"Теор. основы, п/г 3, СОКЦОМиД//",,СОКЦОМиД,практика,знаменатель,502-51,3,1,1,False,False,,медицинский,1,,,1
четверг,2,"Теор. основы, п",,,практика,числитель,502-51,,2,1,False,False,,медицинский,1,,,0
четверг,2,п,,СОКЦОМиД,практика,знаменатель,502-51,,2,1,False,False,,медицинский,1,,,0
четверг,2,"Теор. основы, п/г 3, СОКЦОМиД//",,СОКЦОМиД,практика,знаменатель,502-51,3,1,1,False,False,,медицинский,1,,,1
четверг,3,"Иностранный язык, п/г 2, А518",,А518,практика,обе недели,502-51,2,1,1,False,False,,медицинский,1,,,0
четверг,4,"Биология с курсом ГЧ, п/г 1, А423",,А423,практика,обе недели,502-51,1,1,1,False,False,,медицинский,1,,,0
четверг,4,"Гистология, эмбр., цит., п/г 2, А532",,А532,практика,обе недели,502-51,2,1,1,False,False,,медицинский,1,,,1
четверг,5,"Гистология, эмбр., цит., п/г 2, А532",,А532,практика,обе недели,502-51,2,1,1,False,False,,медицинский,1,,,0
пятница,2,"Основы российской государственности (пр), А410",,А410,практика,обе недели,502-51,,0,1,False,False,,медицинский,1,,,0
пятница,3,"Иностранный язык, п/г 1, А502",,А502,практика,обе недели,502-51,1,1,1,False,False,,медицинский,1,,,0
пятница,3,"Биология с курсом ГЧ, п/г 2, А423",,А423,практика,обе недели,502-51,2,1,1.5,False,False,,медицинский,1,,,1
пятница,4,"История России (пр), А410",,А410,практика,обе недели,502-51,,0,1,False,False,,медицинский,1,,,0
суббота,1,"Элективные дисциплины по физической культуре и спорту, С",,С,практика,обе недели,502-51,,0,1,False,False,,медицинский,1,,,0
суббота,4,"//Философия (пр), А304",,А304,практика,знаменатель,502-51,,0,1,False,False,,медицинский,1,,,0
понедельник,2,"эмбриология, цитология",,А636,лекция,числитель,502-52,,0,1,False,False,,медицинский,1,,,0
понедельник,2,Теоретические основы изучения ухода за больным ребенком,,А636,лекция,знаменатель,502-52,,0,1,False,False,,медицинский,1,,,0
понедельник,3,Основы психологии в медицине,,А636,лекция,числитель,502-52,,0,1,False,False,,медицинский,1,,,0
понедельник,3,Анатомия человека с особенностями детского возраста,,А636,лекция,знаменатель,502-52,,0,1,False,False,,медицинский,1,,,0
понедельник,4,"Анатомия ЧсОДВ, п/г 1, А24",,А24,практика,обе недели,502-52,1,1,1,False,False,,медицинский,1,,,0
понедельник,4,"Анатомия ЧсОДВ, п/г 2, А22",,А22,практика,обе недели,502-52,2,1,1,False,False,,медицинский,1,,,1
понедельник,5,"Основы психологии в медицине (пр), А603",,А603,практика,обе недели,502-52,,0,1,False,False,,медицинский,1,,,0
вторник,1,Биология с курсом генетики человека,,А436,лекция,числитель,502-52,,0,1,False,False,,медицинский,1,,,0
вторник,1,История медицины,,А436,лекция,знаменатель,502-52,,0,1,False,False,,медицинский,1,,,0
вторник,2,Безопасность жизнедеятельности,,А401,практика,числитель,502-52,,0,1,False,False,,медицинский,1,,,0
вторник,2,История медицины,,А515,практика,знаменатель,502-52,,0,1,False,False,,медицинский,1,,,0
вторник,3,"История медицины (пр), А515",,А515,практика,обе недели,502-52,,0,1,False,False,,медицинский,1,,,0
вторник,4,Физич. культура и спорт,,,практика,числитель,502-52,,0,1,False,False,,медицинский,1,,,0
вторник,4,Элект. дисциплины по физ. культуре и спорту,,С,практика,знаменатель,502-52,,0,1,False,False,,медицинский,1,,,0
среда,1,"Теор. основы, п/г 2, СОКЦОМиД//",,СОКЦОМиД,практика,числитель,502-52,2,1,1,False,False,,медицинский,1,,,0
среда,2,"Теор. основы, п/г 2, СОКЦОМиД//",,СОКЦОМиД,практика,числитель,502-52,2,1,1,False,False,,медицинский,1,,,0
среда,3,"Биология с курсом ГЧ, п/г 1, А423",,А423,практика,обе недели,502-52,1,1,1,False,False,,медицинский,1,,,0
среда,4,Философия,,А603,практика,числитель,502-52,,0,1,False,False,,медицинский,1,,,0
среда,4,Безопасность жизнедеятельности,,А603,практика,знаменатель,502-52,,0,1,False,False,,медицинский,1,,,0
четверг,1,"//Анатомия ЧсОДВ, п/г 2, А22",,А22,практика,знаменатель,502-52,2,1,1,False,False,,медицинский,1,,,0
четверг,2,"Иностранный язык, п/г 1, А517",,А517,практика,обе недели,502-52,1,1,1,False,False,,медицинский,1,,,0
четверг,2,"Гистология, эмбр., цит., п/г 2, А532",,А532,практика,обе недели,502-52,2,1,1,False,False,,медицинский,1,,,1
четверг,3,"Теор. основы, п/г 1, СОКЦОМиД",,СОКЦОМиД,практика,числитель,502-52,1,1,1,False,False,,медицинский,1,,,0
четверг,3,"Гистология, эмбр., цит., п/г 2, А532",,А532,практика,обе недели,502-52,2,1,1,False,False,,медицинский,1,,,1
четверг,4,"Теор. основы, п/г 1, СОКЦОМиД",,СОКЦОМиД,практика,числитель,502-52,1,1,1,False,False,,медицинский,1,,,0
четверг,4,"Иностранный язык, п/г 2, А518",,А518,практика,обе недели,502-52,2,1,1,False,False,,медицинский,1,,,1
пятница,1,"Гистология, эмбр., цит., п/г 1,А533",,А533,практика,обе недели,502-52,1,1,1,False,False,,медицинский,1,,,0
пятница,1,"Теор. основы, п/г 3, СОКЦОМиД",,СОКЦОМиД,практика,знаменатель,502-52,3,1,1.5,False,False,,медицинский,1,,,1
пятница,2,"Гистология, эмбр., цит., п/г 1, А533",,А533,практика,обе недели,502-52,1,1,1,False,False,,медицинский,1,,,0
пятница,2,"Теор. основы, п/г 3, СОКЦОМиД",,СОКЦОМиД,практика,знаменатель,502-52,3,1,1,False,False,,медицинский,1,,,1
пятница,3,"Основы российской государственности (пр), А410",,А410,практика,обе недели,502-52,,0,1,False,False,,медицинский,1,,,0
пятница,4,"Анатомия ЧсОДВ, п/г 1, А24",,А24,практика,числитель,502-52,1,1,1,False,False,,медицинский,1,,,0
пятница,4,"Биология с курсом ГЧ, п/г 2, А423",,А423,практика,обе недели,502-52,2,1,1,False,False,,медицинский,1,,,1
суббота,2,"Элективные дисциплины по физической культуре и спорту, С",,С,практика,обе недели,502-52,,0,1,False,False,,медицинский,1,,,0
суббота,4,"История России (пр), А, А514",,А514,практика,обе недели,502-52,,0,1,False,False,,медицинский,1,,,0
понедельник,2,"эмбриология, цитология",,А636,лекция,числитель,502-53,,0,1,False,False,,медицинский,1,,,0
понедельник,2,Теоретические основы изучения ухода за больным ребенком,,А636,лекция,знаменатель,502-53,,0,1,False,False,,медицинский,1,,,0
понедельник,3,Основы психологии в медицине,,А636,лекция,числитель,502-53,,0,1,False,False,,медицинский,1,,,0
понедельник,3,Анатомия человека с особенностями детского возраста,,А636,лекция,знаменатель,502-53,,0,1,False,False,,медицинский,1,,,0
понедельник,4,"Основы психологии в медицине (пр), А603",,А603,практика,обе недели,502-53,,0,1,False,False,,медицинский,1,,,0
понедельник,5,"История медицины (пр), А515",,А515,практика,обе недели,502-53,,0,1,False,False,,медицинский,1,,,0
вторник,1,Биология с курсом генетики человека,,А436,лекция,числитель,502-53,,0,1,False,False,,медицинский,1,,,0
вторник,1,История медицины,,А436,лекция,знаменатель,502-53,,0,1,False,False,,медицинский,1,,,0
вторник,2,"Основы российской государственности (пр), А410",,А410,практика,обе недели,502-53,,0,1,False,False,,медицинский,1,,,0
вторник,3,"Гистология, эмбр., цит., п/г 2, А532",,А532,практика,обе недели,502-53,2,1,1,False,False,,медицинский,1,,,0
вторник,4,"Гистология, эмбр., цит., п/г 2, А532",,А532,практика,обе недели,502-53,2,1,1,False,False,,медицинский,1,,,0
среда,2,Физич. культура и спорт,,,практика,числитель,502-53,,0,1,False,False,,медицинский,1,,,0
среда,2,Элект. дисциплины по физ. культуре и спорту,,С,практика,знаменатель,502-53,,0,1,False,False,,медицинский,1,,,0
среда,4,"Анатомия ЧсОДВ, п/г 1, А24",,А24,практика,обе недели,502-53,1,1,1,False,False,,медицинский,1,,,0
среда,4,"Биология с курсом ГЧ, п/г 2, А423",,А423,практика,обе недели,502-53,2,1,1,False,False,,медицинский,1,,,1
среда,5,"Биология с курсом ГЧ, п/г 1, А423",,А423,практика,обе недели,502-53,1,1,1,False,False,,медицинский,1,,,0
среда,5,"Анатомия ЧсОДВ, п/г 2, А24",,А24,практика,обе недели,502-53,2,1,1,False,False,,медицинский,1,,,1
четверг,3,"//Теор. основы, п/г 1, СОКЦОМиД",,СОКЦОМиД,практика,знаменатель,502-53,1,1,1,False,False,,медицинский,1,,,0
четверг,4,п,,А24,практика,числитель,502-53,1,1,1,False,False,,медицинский,1,,,0
четверг,4,"Теор. основы, п",,СОКЦОМиД,практика,знаменатель,502-53,1,1,1,False,False,,медицинский,1,,,0
четверг,4,"Анатомия ЧсОДВ, п/г 2, А24",,А24,практика,знаменатель,502-53,2,1,1,False,False,,медицинский,1,,,1
четверг,5,"Иностранный язык, п/г 1, А517",,А517,практика,обе недели,502-53,1,1,1,False,False,,медицинский,1,,,0
четверг,5,"Иностранный язык, п/г 2, А518",,А518,практика,обе недели,502-53,2,1,1,False,False,,медицинский,1,,,1
четверг,6,"История России (пр), А, А514",,А514,практика,обе недели,502-53,,0,1,False,False,,медицинский,1,,,0
пятница,1,"Теор. основы, п",,СОКЦОМиД,практика,числитель,502-53,2,1,1,False,False,,медицинский,1,,,0
пятница,1,История медицины,,А515,практика,знаменатель,502-53,2,1,1,False,False,,медицинский,1,,,0
пятница,2,"Теор. основы, п",,СОКЦОМиД,практика,числитель,502-53,2,1,1,False,False,,медицинский,1,,,0
пятница,2,Философия,,А615,практика,знаменатель,502-53,2,1,1,False,False,,медицинский,1,,,0
пятница,3,"Гистология, эмбр., цит., п/г 1, А533",,А533,практика,обе недели,502-53,1,1,1,False,False,,медицинский,1,,,0
пятница,3,"Теор. основы, п/г 3, СОКЦОМиД//",,СОКЦОМиД,практика,знаменатель,502-53,3,1,1.5,False,False,,медицинский,1,,,1
пятница,4,"Гистология, эмбр., цит., п/г 1,А533",,А533,практика,обе недели,502-53,1,1,1,False,False,,медицинский,1,,,0
пятница,4,"Теор. основы, п/г 3, СОКЦОМиД//",,СОКЦОМиД,практика,знаменатель,502-53,3,1,1,False,False,,медицинский,1,,,1
суббота,3,"Элективные дисциплины по физической культуре и спорту, С",,С,практика,обе недели,502-53,,0,1,False,False,,медицинский,1,,,0
суббота,5,"Безопасность жизнедеятельности (пр), А410//",,А410,практика,числитель,502-53,,0,1,False,False,,медицинский,1,,,0
понедельник,1,"Элективные дисциплины по физической культуре и спорту, С*",,С,практика,обе недели,502-41,,0,1,False,False,,медицинский,2,,,0
понедельник,2,"Элективные дисциплины по физической культуре и спорту, С*",,С,практика,обе недели,502-41,,0,1,False,False,,медицинский,2,,,0
понедельник,4,"Сестринское дело в педиатрии, п/г 1, СОКЦОМиД",,СОКЦОМиД,практика,обе недели,502-41,1,1,1,False,False,,медицинский,2,,,0
понедельник,6,"Биохимия, п/г 2, А420",,А420,практика,обе недели,502-41,2,1,1.5,False,False,,медицинский,2,,,0
понедельник,7,"Биохимия, п/г 2, А420",,А420,практика,обе недели,502-41,2,1,1,False,False,,медицинский,2,,,0
вторник,1,"Нормальная физиология, п/г 2, А433",,А433,практика,обе недели,502-41,2,1,1,False,False,,медицинский,2,,,0
вторник,2,"Иностранный язык, п/г 1, А516",,А516,практика,обе недели,502-41,1,1,1,False,False,,медицинский,2,,,0
вторник,2,"Нормальная физиология, п/г 2, А433",,А433,практика,обе недели,502-41,2,1,1,False,False,,медицинский,2,,,1
вторник,3,"Иностранный язык, п/г 3, А516",,А516,практика,обе недели,502-41,3,1,1,False,False,,медицинский,2,,,0
вторник,4,"Иностранный язык, п/г 2, А518",,А518,практика,обе недели,502-41,2,1,1,False,False,,медицинский,2,,,0
среда,1,"Гигиена, п/г 1, А439",,А439,практика,обе недели,502-41,1,1,1.5,False,False,,медицинский,2,,,0
среда,3,"Микробиология, вирусол., п/г 1, А632",,А632,практика,обе недели,502-41,1,1,1.5,False,False,,медицинский,2,,,0
среда,3,"Гигиена, п/г 2, А439",,А439,практика,обе недели,502-41,2,1,1.5,False,False,,медицинский,2,,,1
среда,4,Сестринское дело в педиатрии,,А636,лекция,числитель,502-41,,0,1,False,False,,медицинский,2,,,0
среда,4,Биохимия,,А636,лекция,знаменатель,502-41,,0,1,False,False,,медицинский,2,,,0
среда,5,"Микробиология, вирусология",,А636,лекция,числитель,502-41,,0,1,False,False,,медицинский,2,,,0
среда,5,Основы предпринимательской деятельности,,А615,практика,знаменатель,502-41,,0,1,False,False,,медицинский,2,,,0
четверг,1,"Элективные дисциплины по физической культуре и спорту, С*",,С,практика,обе недели,502-41,,0,1,False,False,,медицинский,2,,,0
четверг,2,"Элективные дисциплины по физической культуре и спорту, С*",,С,практика,обе недели,502-41,,0,1,False,False,,медицинский,2,,,0
четверг,4,"Нормальная физиология, п/г 1, А433",,А433,практика,обе недели,502-41,1,1,1,False,False,,медицинский,2,,,0
четверг,4,"Сестринское дело в педиатрии, п/г3, СОКЦОМиД//",,СОКЦОМиД,практика,знаменатель,502-41,3,1,1,False,False,,медицинский,2,,,1
четверг,5,"Нормальная физиология, п/г 1, А433",,А433,практика,обе недели,502-41,1,1,1,False,False,,медицинский,2,,,0
четверг,5,"Сестринское дело в педиатрии, п/г3, СОКЦОМиД",,СОКЦОМиД,практика,обе недели,502-41,3,1,1,False,False,,медицинский,2,,,1
четверг,6,"Психология и педагогика (лек), А539",,А539,лекция,обе недели,502-41,,0,1,False,False,,медицинский,2,,,0
пятница,1,"Микробиология, вирусол., п/г 2, А632",,А632,практика,обе недели,502-41,2,1,1.5,False,False,,медицинский,2,,,0
пятница,3,"Правоведение (пр), А515",,А515,практика,обе недели,502-41,,0,1,False,False,,медицинский,2,,,0
пятница,4,Нормальная физиология,,А436,лекция,числитель,502-41,,0,1,False,False,,медицинский,2,,,0
пятница,4,Гигиена,,А436,лекция,знаменатель,502-41,,0,1,False,False,,медицинский,2,,,0
пятница,6,"Биохимия, п/г 1, А420",,А420,практика,обе недели,502-41,1,1,1,False,False,,медицинский,2,,,0
пятница,7,"Биохимия, п/г 1, А420",,А420,практика,обе недели,502-41,1,1,1,False,False,,медицинский,2,,,0
суббота,3,"Сестринское дело в педиатрии, п/г 2, СОКЦОМиД",,СОКЦОМиД,практика,обе недели,502-41,2,1,1,False,False,,медицинский,2,,,0
суббота,4,"Сестринское дело в педиатрии, п/г 1, СОКЦОМиД//",,СОКЦОМиД,практика,числитель,502-41,1,1,1,False,False,,медицинский,2,,,0
суббота,4,"Сестринское дело в педиатрии, п/г 2, СОКЦОМиД",,СОКЦОМиД,практика,знаменатель,502-41,2,1,1,False,False,,медицинский,2,,,1
суббота,5,"Психология и педагогика (пр), А515",,А515,практика,обе недели,502-41,,0,1,False,False,,медицинский,2,,,0
понедельник,1,"Элективные дисциплины по физической культуре и спорту, С*",,С,практика,обе недели,502-42,,0,1,False,False,,медицинский,2,,,0
понедельник,2,"Элективные дисциплины по физической культуре и спорту, С*",,С,практика,обе недели,502-42,,0,1,False,False,,медицинский,2,,,0
понедельник,4,"Правоведение (пр), А615",,А615,практика,обе недели,502-42,,0,1,False,False,,медицинский,2,,,0
понедельник,6,"Биохимия, п/г 1, ЭОиДОТ",,ЭОиДОТ,практика,обе недели,502-42,1,1,1.5,False,True,,медицинский,2,,,0
понедельник,7,"Биохимия, п/г 1, ЭОиДОТ",,ЭОиДОТ,практика,обе недели,502-42,1,1,1,False,True,,медицинский,2,,,0
вторник,1,"Сестринское дело в педиатрии, п/г 2, СОКЦОМиД",,СОКЦОМиД,практика,обе недели,502-42,2,1,1,False,False,,медицинский,2,,,0
вторник,2,"Сестринское дело в педиатрии, п/г 1, СОКЦОМиД//",,СОКЦОМиД,практика,числитель,502-42,1,1,1,False,False,,медицинский,2,,,0
вторник,2,"Сестринское дело в педиатрии, п/г 2, СОКЦОМиД",,СОКЦОМиД,практика,знаменатель,502-42,2,1,1,False,False,,медицинский,2,,,1
вторник,3,"Сестринское дело в педиатрии, п/г 1, СОКЦОМиД",,СОКЦОМиД,практика,обе недели,502-42,1,1,1,False,False,,медицинский,2,,,0
вторник,3,"Нормальная физиология, п/г 2, А433",,А433,практика,обе недели,502-42,2,1,1,False,False,,медицинский,2,,,1
вторник,4,"Иностранный язык, п/г 1, А516",,А516,практика,обе недели,502-42,1,1,1,False,False,,медицинский,2,,,0
вторник,4,"Нормальная физиология, п/г 2, А433",,А433,практика,обе недели,502-42,2,1,1,False,False,,медицинский,2,,,1
вторник,5,"Психология и педагогика (пр), А539",,А539,практика,обе недели,502-42,,0,1,False,False,,медицинский,2,,,0
среда,2,"Нормальная физиология, п/г 1, А433",,А433,практика,обе недели,502-42,1,1,1,False,False,,медицинский,2,,,0
среда,3,"Нормальная физиология, п/г 1, А433",,А433,практика,обе недели,502-42,1,1,1,False,False,,медицинский,2,,,0
среда,3,"Иностранный язык, п/г 2, А518",,А518,практика,обе недели,502-42,2,1,1,False,False,,медицинский,2,,,1
среда,4,Сестринское дело в педиатрии,,А636,лекция,числитель,502-42,,0,1,False,False,,медицинский,2,,,0
среда,4,Биохимия,,А636,лекция,знаменатель,502-42,,0,1,False,False,,медицинский,2,,,0
среда,5,"Микробиология, вирусология (лек), А636//",,А636,лекция,числитель,502-42,,0,1,False,False,,медицинский,2,,,0
четверг,1,"Элективные дисциплины по физической культуре и спорту, С*",,С,практика,обе недели,502-42,,0,1,False,False,,медицинский,2,,,0
четверг,2,"Элективные дисциплины по физической культуре и спорту, С*",,С,практика,обе недели,502-42,,0,1,False,False,,медицинский,2,,,0
четверг,6,"Психология и педагогика (лек), А539",,А539,лекция,обе недели,502-42,,0,1,False,False,,медицинский,2,,,0
пятница,2,"Сестринское дело в педиатрии, п/г 3, СОКЦОМиД//",,СОКЦОМиД,практика,знаменатель,502-42,3,1,1,False,False,,медицинский,2,,,1
пятница,3,"Микробиология, вирус., п/г 1, А632",,А632,практика,обе недели,502-42,1,1,1.5,False,False,,медицинский,2,,,0
пятница,3,"Сестринское дело в педиатрии, п/г 3, СОКЦОМиД",,СОКЦОМиД,практика,обе недели,502-42,3,1,1.5,False,False,,медицинский,2,,,1
пятница,4,Нормальная физиология,,А436,лекция,числитель,502-42,,0,1,False,False,,медицинский,2,,,0
пятница,4,Гигиена,,А436,лекция,знаменатель,502-42,,0,1,False,False,,медицинский,2,,,0
пятница,5,"Основы предпринимательской деятельности (пр), А410//",,А410,практика,числитель,502-42,,0,1,False,False,,медицинский,2,,,0
суббота,1,"Гигиена, п/г 1, А424",,А424,практика,обе недели,502-42,1,1,1.5,False,False,,медицинский,2,,,0
суббота,1,"Микробиология, вирусол., п/г 2, А632",,А632,практика,обе недели,502-42,2,1,1.5,False,False,,медицинский,2,,,1
суббота,3,"Гигиена, п/г 2, А424",,А424,практика,обе недели,502-42,2,1,1.5,False,False,,медицинский,2,,,0
суббота,4,"Биохимия, п/г 2, А424",,А424,практика,обе недели,502-42,2,1,1,False,False,,медицинский,2,,,0
суббота,5,"Биохимия, п/г 2, А424",,А424,практика,обе недели,502-42,2,1,1,False,False,,медицинский,2,,,0
понедельник,1,"Топ. анатомия, опер. хир.,п/г 1, А25",,А25,практика,обе недели,502-31,1,1,1.5,False,False,,медицинский,3,,,0
понедельник,2,"Патофизиология, п/г 2, А533",,А533,практика,обе недели,502-31,2,1,1,False,False,,медицинский,3,,,1
понедельник,3,"Общая хирургия, п/г 1, СОКБ",,СОКБ,практика,обе недели,502-31,1,1,1,False,False,,медицинский,3,,,0
понедельник,3,"Патофизиология, п/г 2, А533",,А533,практика,обе недели,502-31,2,1,1,False,False,,медицинский,3,,,1
понедельник,4,"Лучевая диагностика, п/г 1, СОКБ",,СОКБ,практика,обе недели,502-31,1,1,1,False,False,,медицинский,3,,,0
понедельник,4,"Топ. анатомия, опер. хир.,п/г 2, А25",,А25,практика,обе недели,502-31,2,1,1.5,False,False,,медицинский,3,,,1
понедельник,5,"Лучевая диагностика, п/г 1, СОКБ",,СОКБ,практика,обе недели,502-31,1,1,1,False,False,,медицинский,3,,,0
понедельник,6,"ПДБ, п/г2, СОКЦОМиД",,СОКЦОМиД,практика,обе недели,502-31,2,1,1.5,False,False,,медицинский,3,,,0
вторник,1,"Элективные дисциплины по физической культуре и спорту, С*",,С,практика,обе недели,502-31,,0,1,False,False,,медицинский,3,,,0
вторник,2,"Элективные дисциплины по физической культуре и спорту, С*",,С,практика,обе недели,502-31,,0,1,False,False,,медицинский,3,,,0
вторник,4,"Фармакология (лек), А636",,А636,лекция,обе недели,502-31,,0,1,False,False,,медицинский,3,,,0
вторник,5,Общая хирургия,,А2Б,лекция,числитель,502-31,,0,1,False,False,,медицинский,3,,,0
вторник,5,"Топографическая анатомия, оперативная хирургия",,А2Б,лекция,знаменатель,502-31,,0,1,False,False,,медицинский,3,,,0
вторник,6,Лучевая диагностика,,А2Б,лекция,числитель,502-31,,0,1,False,False,,медицинский,3,,,0
вторник,6,Пропедевтика детских болезней,,А2Б,лекция,знаменатель,502-31,,0,1,False,False,,медицинский,3,,,0
среда,1,"ПДБ, п/г2, СОКЦОМиД",,СОКЦОМиД,практика,обе недели,502-31,2,1,1,False,False,,медицинский,3,,,0
среда,3,"Фармакология, п/г 1, А434",,А434,практика,обе недели,502-31,1,1,1.5,False,False,,медицинский,3,,,0
среда,3,"ПДБ, п/г3, СОКЦОМиД",,СОКЦОМиД,практика,обе недели,502-31,3,1,1,False,False,,медицинский,3,,,1
среда,4,"Лучевая диагностика, п/г 2, СОКБ",,СОКБ,практика,обе недели,502-31,2,1,1,False,False,,медицинский,3,,,0
среда,4,"ПДБ, п/г3, СОКЦОМиД",,СОКЦОМиД,практика,обе недели,502-31,3,1,1,False,False,,медицинский,3,,,1
среда,5,"ПВБ, п/г 1, СОКБ; Лучевая диагностика, п/г 2, СОКБ",,СОКБ,практика,обе недели,502-31,,2,1.5,False,False,,медицинский,3,,,0
среда,5,"Общая хирургия, п/г 3, СОКБ",,СОКБ,практика,обе недели,502-31,3,1,1,False,False,,медицинский,3,,,1
четверг,2,"Патофизиология, п/г 1, А534",,А534,практика,обе недели,502-31,1,1,1,False,False,,медицинский,3,,,0
четверг,2,"Лучевая диагностика, п/г 3, СОКБ",,СОКБ,практика,обе недели,502-31,3,1,1,False,False,,медицинский,3,,,1
четверг,3,"Патофизиология, п/г 1, А534",,А534,практика,обе недели,502-31,1,1,1,False,False,,медицинский,3,,,0
четверг,3,"Лучевая диагностика, п/г 3, СОКБ",,СОКБ,практика,обе недели,502-31,3,1,1,False,False,,медицинский,3,,,1
четверг,4,"Общая хирургия, п/г 2, СОКБ",,СОКБ,практика,обе недели,502-31,2,1,1.5,False,False,,медицинский,3,,,0
четверг,4,"ПВБ, п/г 3, СОКБ",,СОКБ,практика,обе недели,502-31,3,1,1.5,False,False,,медицинский,3,,,1
четверг,6,"ПВБ, п/г 2, СОКБ",,СОКБ,практика,обе недели,502-31,2,1,1.5,False,False,,медицинский,3,,,0
пятница,1,"Фармакология, п/г 2, А434",,А434,практика,обе недели,502-31,2,1,1,False,False,,медицинский,3,,,0
пятница,2,"Ин. язык в проф. сфере (24 ч),п/г 1,А516",,А516,практика,обе недели,502-31,1,1,1,False,False,,медицинский,3,,,0
пятница,3,"Топ. анатомия, опер. хир.,п/г 3, А25",,А25,практика,обе недели,502-31,3,1,1,False,False,,медицинский,3,,,0
пятница,4,Патологическая анатомия,,А539,лекция,числитель,502-31,,0,1,False,False,,медицинский,3,,,0
пятница,4,Патофизиология,,А539,лекция,знаменатель,502-31,,0,1,False,False,,медицинский,3,,,0
пятница,5,"Пропедевтика внутренних болезней (лек),А539//",,А539,лекция,числитель,502-31,,0,1,False,False,,медицинский,3,,,0
суббота,1,"ПДБ , п/г1, СОКЦОМиД",,СОКЦОМиД,практика,обе недели,502-31,1,1,1,False,False,,медицинский,3,,,0
суббота,2,"ПДБ , п/г1, СОКЦОМиД",,СОКЦОМиД,практика,обе недели,502-31,1,1,1,False,False,,медицинский,3,,,0
суббота,2,"Ин. язык в проф. сфере (24 ч,п/г 2, А517",,А517,практика,обе недели,502-31,2,1,1,False,False,,медицинский,3,,,1
суббота,3,"Основы экономической культуры (пр), А613",,А613,практика,обе недели,502-31,,0,1,False,False,,медицинский,3,,,0
суббота,4,"Патологическая анатомия (пр), А603",,А603,практика,обе недели,502-31,,0,1,False,False,,медицинский,3,,,0
суббота,5,"Патологическая анатомия (пр), А603",,А603,практика,обе недели,502-31,,0,1,False,False,,медицинский,3,,,0
понедельник,2,"Лучевая диагностика, п/г 1, СОКБ",,СОКБ,практика,обе недели,502-32,1,1,1,False,False,,медицинский,3,,,0
понедельник,3,"Лучевая диагностика, п/г 1, СОКБ",,СОКБ,практика,обе недели,502-32,1,1,1,False,False,,медицинский,3,,,0
понедельник,3,"Топ. анатомия, опер. хир.,п/г 2, А25",,А25,практика,обе недели,502-32,2,1,1.5,False,False,,медицинский,3,,,1
понедельник,4,"Общая хирургия, п/г 1, А1Б",,А1Б,практика,обе недели,502-32,1,1,1,False,False,,медицинский,3,,,0
понедельник,5,"ПДБ, п/г1, СОКЦОМиД",,СОКЦОМиД,практика,обе недели,502-32,1,1,1,False,False,,медицинский,3,,,0
понедельник,5,"Фармакология, п/г 2, А434",,А434,практика,обе недели,502-32,2,1,1.5,False,False,,медицинский,3,,,1
понедельник,6,"ПДБ, п/г1, СОКЦОМиД",,СОКЦОМиД,практика,обе недели,502-32,1,1,1.5,False,False,,медицинский,3,,,0
понедельник,6,"ПВБ, п/г 3, СОКБ",,СОКБ,практика,обе недели,502-32,3,1,1,False,False,,медицинский,3,,,1
вторник,1,"Элективные дисциплины по физической культуре и спорту, С*",,С,практика,обе недели,502-32,,0,1,False,False,,медицинский,3,,,0
вторник,2,"Элективные дисциплины по физической культуре и спорту, С*",,С,практика,обе недели,502-32,,0,1,False,False,,медицинский,3,,,0
вторник,4,"Фармакология (лек), А636",,А636,лекция,обе недели,502-32,,0,1,False,False,,медицинский,3,,,0
вторник,5,Общая хирургия,,А2Б,лекция,числитель,502-32,,0,1,False,False,,медицинский,3,,,0
вторник,5,"Топографическая анатомия, оперативная хирургия",,А2Б,лекция,знаменатель,502-32,,0,1,False,False,,медицинский,3,,,0
вторник,6,Лучевая диагностика,,А2Б,лекция,числитель,502-32,,0,1,False,False,,медицинский,3,,,0
вторник,6,Пропедевтика детских болезней,,А2Б,лекция,знаменатель,502-32,,0,1,False,False,,медицинский,3,,,0
среда,2,"ПДБ, п/г2, СОКЦОМиД",,СОКЦОМиД,практика,обе недели,502-32,2,1,1,False,False,,медицинский,3,,,0
среда,2,"Лучевая диагностика, п/г 3, СОКБ",,СОКБ,практика,обе недели,502-32,3,1,1,False,False,,медицинский,3,,,1
среда,3,"ПДБ, п/г2, СОКЦОМиД",,СОКЦОМиД,практика,обе недели,502-32,2,1,1,False,False,,медицинский,3,,,0
среда,3,"Лучевая диагностика, п/г 3, СОКБ",,СОКБ,практика,обе недели,502-32,3,1,1,False,False,,медицинский,3,,,1
среда,4,"Патофизиология, п/г 1, А534",,А534,практика,обе недели,502-32,1,1,1,False,False,,медицинский,3,,,0
среда,5,"Патофизиология, п/г 1, А534",,А534,практика,обе недели,502-32,1,1,1,False,False,,медицинский,3,,,0
среда,5,"ПДБ, п/г3, СОКЦОМиД",,СОКЦОМиД,практика,обе недели,502-32,3,1,1,False,False,,медицинский,3,,,1
среда,6,"Общая хирургия, п/г 2, А1Б",,А1Б,практика,обе недели,502-32,2,1,1,False,False,,медицинский,3,,,0
среда,6,"ПДБ, п/г3, СОКЦОМиД",,СОКЦОМиД,практика,обе недели,502-32,3,1,1,False,False,,медицинский,3,,,1
четверг,1,"Патофизиология, п/г 2, А615",,А615,практика,обе недели,502-32,2,1,1,False,False,,медицинский,3,,,0
четверг,2,"Патофизиология, п/г 2, А615",,А615,практика,обе недели,502-32,2,1,1,False,False,,медицинский,3,,,0
четверг,3,"Общая хирургия, п/г 3, СОКБ",,СОКБ,практика,обе недели,502-32,3,1,1,False,False,,медицинский,3,,,0
четверг,4,"Лучевая диагностика, п/г 2, СОКБ",,СОКБ,практика,обе недели,502-32,2,1,1.5,False,False,,медицинский,3,,,0
четверг,5,"Лучевая диагностика, п/г 2, СОКБ",,СОКБ,практика,обе недели,502-32,2,1,1,False,False,,медицинский,3,,,0
четверг,6,"Фармакология, п/г 1, А434 (с 17.30)",,"А434, С",практика,обе недели,502-32,1,1,1.5,False,False,,медицинский,3,,,0
пятница,2,"Ин. язык в проф. сфере (24 ч) п/г 2, А517",,А517,практика,обе недели,502-32,2,1,1,False,False,,медицинский,3,,,0
пятница,3,"Основы экономической культуры (пр), А514",,А514,практика,обе недели,502-32,,0,1,False,False,,медицинский,3,,,0
пятница,4,Патологическая анатомия,,А539,лекция,числитель,502-32,,0,1,False,False,,медицинский,3,,,0
пятница,4,Патофизиология,,А539,лекция,знаменатель,502-32,,0,1,False,False,,медицинский,3,,,0
пятница,5,Пропедевтика внутренних болезней,,А539,лекция,числитель,502-32,1,1,1,False,False,,медицинский,3,,,0
пятница,5,"ПВБ, п",,СОКБ,практика,знаменатель,502-32,1,1,1,False,False,,медицинский,3,,,0
пятница,6,"ПВБ, п/г 1, СОКБ",,СОКБ,практика,обе недели,502-32,1,1,1,False,False,,медицинский,3,,,0
суббота,2,"Патологическая анатомия (пр), А603",,А603,практика,обе недели,502-32,,0,1,False,False,,медицинский,3,,,0
суббота,3,"Патологическая анатомия (пр), А603",,А603,практика,обе недели,502-32,,0,1,False,False,,медицинский,3,,,0
суббота,4,"Ин. язык в проф. сфере (24 ч) п/г 1, А518",,А518,практика,обе недели,502-32,1,1,1,False,False,,медицинский,3,,,0
суббота,4,"Топ. анатомия, опер.хир,п/г 3, А25",,А25,практика,обе недели,502-32,3,1,1.5,False,False,,медицинский,3,,,1
суббота,6,"Топ. анатомия, опер.хир,п/г 1, А25",,А25,практика,обе недели,502-32,1,1,1.5,False,False,,медицинский,3,,,0
суббота,6,"ПВБ, п/г 2, СОКБ",,СОКБ,практика,обе недели,502-32,2,1,1.5,False,False,,медицинский,3,,,1
понедельник,5,Инфекционные болезни,,ЭОиДОТ,лекция,числитель,502-21,,0,1,False,True,,медицинский,4,,,0
понедельник,5,"Неврология, медицинская генетика, нейрохирургия",,А2Б,лекция,знаменатель,502-21,,0,1,False,True,,медицинский,4,,,0
понедельник,5,Инфекционные болезни,,ЭОиДОТ,лекция,числитель,502-22,,0,1,False,True,,медицинский,4,,,0
понедельник,5,"Неврология, медицинская генетика, нейрохирургия",,А2Б,лекция,знаменатель,502-22,,0,1,False,True,,медицинский,4,,,0
вторник,5,Поликлиническая и неотложная педиатрия,,ЭОиДОТ,лекция,числитель,502-21,,0,1,False,True,,медицинский,4,,,0
вторник,5,Акушерство и гинекология,,ЭОиДОТ,лекция,знаменатель,502-21,,0,1,False,True,,медицинский,4,,,0
вторник,5,Поликлиническая и неотложная педиатрия,,ЭОиДОТ,лекция,числитель,502-22,,0,1,False,True,,медицинский,4,,,0
вторник,5,Акушерство и гинекология,,ЭОиДОТ,лекция,знаменатель,502-22,,0,1,False,True,,медицинский,4,,,0
среда,5,"Факультетская педиатрия (лекция 16 ч), ЭОиДОТ//",,ЭОиДОТ,лекция,числитель,502-21,,0,1,False,True,,медицинский,4,,,0
среда,5,"Факультетская педиатрия (лекция 16 ч), ЭОиДОТ//",,ЭОиДОТ,лекция,числитель,502-22,,0,1,False,True,,медицинский,4,,,0
четверг,5,"// Внутренние болезни (лекция 16 ч), ЭОиДОТ",,ЭОиДОТ,лекция,знаменатель,502-21,,0,1,False,True,,медицинский,4,,,0
четверг,5,"// Внутренние болезни (лекция 16 ч), ЭОиДОТ",,ЭОиДОТ,лекция,знаменатель,502-22,,0,1,False,True,,медицинский,4,,,0
пятница,5,"Хирургические болезни, урология",,ЭОиДОТ,лекция,числитель,502-21,,0,1,False,True,,медицинский,4,,,0
пятница,5,Фтизиатрия,,ЭОиДОТ,лекция,знаменатель,502-21,,0,1,False,True,,медицинский,4,,,0
пятница,5,"Хирургические болезни, урология",,ЭОиДОТ,лекция,числитель,502-22,,0,1,False,True,,медицинский,4,,,0
пятница,5,Фтизиатрия,,ЭОиДОТ,лекция,знаменатель,502-22,,0,1,False,True,,медицинский,4,,,0
понедельник,5,"//Инфекционные болезни у детей (лекция 16 ч), ЭОиДОТ",,ЭОиДОТ,лекция,знаменатель,502-11,,0,1,False,True,,медицинский,5,,,0
понедельник,5,"//Инфекционные болезни у детей (лекция 16 ч), ЭОиДОТ",,ЭОиДОТ,лекция,знаменатель,502-12,,0,1,False,True,,медицинский,5,,,0
вторник,5,"реанимация, интенсивная терапия в педиатрии",,ЭОиДОТ,лекция,числитель,502-11,,0,1,False,True,,медицинский,5,,,0
вторник,5,Клиническая фармакология в педиатрии,,ЭОиДОТ,лекция,знаменатель,502-11,,0,1,False,True,,медицинский,5,,,0
вторник,5,"реанимация, интенсивная терапия в педиатрии",,ЭОиДОТ,лекция,числитель,502-12,,0,1,False,True,,медицинский,5,,,0
вторник,5,Клиническая фармакология в педиатрии,,ЭОиДОТ,лекция,знаменатель,502-12,,0,1,False,True,,медицинский,5,,,0
среда,5,"Общественное здоровье и здравоохранение, экономика здравоохранения",,А2Б,лекция,числитель,502-11,,0,1,False,True,,медицинский,5,,,0
среда,5,Акушерство и гинекология,,ЭОиДОТ,лекция,знаменатель,502-11,,0,1,False,True,,медицинский,5,,,0
среда,5,"Общественное здоровье и здравоохранение, экономика здравоохранения",,А2Б,лекция,числитель,502-12,,0,1,False,True,,медицинский,5,,,0
среда,5,Акушерство и гинекология,,ЭОиДОТ,лекция,знаменатель,502-12,,0,1,False,True,,медицинский,5,,,0
четверг,5,Поликлиническая и неотложная педиатрия,,ЭОиДОТ,лекция,числитель,502-11,,0,1,False,True,,медицинский,5,,,0
четверг,5,Д етская хирургия,,,лекция,знаменатель,502-11,,0,1,False,True,,медицинский,5,,,0
четверг,5,Поликлиническая и неотложная педиатрия,,ЭОиДОТ,лекция,числитель,502-12,,0,1,False,True,,медицинский,5,,,0
четверг,5,Д етская хирургия,,,лекция,знаменатель,502-12,,0,1,False,True,,медицинский,5,,,0
пятница,5,"Факультетская педиатрия (лекция 16 ч), ЭОиДОТ//",,ЭОиДОТ,лекция,числитель,502-11,,0,1,False,True,,медицинский,5,,,0
пятница,5,"Факультетская педиатрия (лекция 16 ч), ЭОиДОТ//",,ЭОиДОТ,лекция,числитель,502-12,,0,1,False,True,,медицинский,5,,,0
суббота,5,"//Психиатрия, медицинская психология (лекция 16 ч), А636",,А636,лекция,знаменатель,502-11,,0,1,False,False,,медицинский,5,,,0
суббота,5,"//Психиатрия, медицинская психология (лекция 16 ч), А636",,А636,лекция,знаменатель,502-12,,0,1,False,False,,медицинский,5,,,0
понедельник,4,"Фтизиатрия (лек 16ч), ЭОиДОТ//",,ЭОиДОТ,лекция,числитель,502-01,,0,1,False,True,,медицинский,6,,,0
вторник,4,Инфекционные болезни у детей,,ЭОиДОТ,лекция,числитель,502-01,,0,1,False,True,,медицинский,6,,,0
вторник,4,Инфекционные болезни у детей,,,практика,знаменатель,502-01,,0,1,False,True,,медицинский,6,,,0
среда,4,"Госпитальная педиатрия (лек), ЭОиДОТ//",,ЭОиДОТ,лекция,числитель,502-01,,0,1,False,True,,медицинский,6,,,0
четверг,4,"Клиническая иммунология (лек 16 ч), ЭОиДОТ//",,ЭОиДОТ,лекция,числитель,502-01,,0,1,False,True,,медицинский,6,,,0
пятница,4,Поликлиническая и неотложная педиатрия,,ЭОиДОТ,лекция,числитель,502-01,,0,1,False,True,,медицинский,6,,,0
пятница,4,Клиническая фармакология,,ЭОиДОТ,лекция,знаменатель,502-01,,0,1,False,True,,медицинский,6,,,0
